"ID"	"Description"
"GO:0001525"	"angiogenesis"
"GO:0032870"	"cellular response to hormone stimulus"
"GO:0070830"	"bicellular tight junction assembly"
"GO:0042744"	"hydrogen peroxide catabolic process"
"GO:0007179"	"transforming growth factor beta receptor signaling pathway"
"GO:0120162"	"positive regulation of cold-induced thermogenesis"
"GO:0001570"	"vasculogenesis"
"GO:0035633"	"maintenance of blood-brain barrier"
"GO:0007155"	"cell adhesion"
"GO:0098609"	"cell-cell adhesion"
"GO:0001937"	"negative regulation of endothelial cell proliferation"
"GO:0043116"	"negative regulation of vascular permeability"
"GO:0031623"	"receptor internalization"
"GO:0061028"	"establishment of endothelial barrier"
"GO:0001666"	"response to hypoxia"
"GO:0030301"	"cholesterol transport"
"GO:0006956"	"complement activation"
"GO:0001935"	"endothelial cell proliferation"
"GO:0098869"	"cellular oxidant detoxification"
"GO:0051591"	"response to cAMP"
"GO:2000352"	"negative regulation of endothelial cell apoptotic process"
"GO:0060412"	"ventricular septum morphogenesis"
"GO:0007595"	"lactation"
"GO:0019065"	"receptor-mediated endocytosis of virus by host cell"
"GO:0045766"	"positive regulation of angiogenesis"
"GO:1904646"	"cellular response to amyloid-beta"
"GO:0048846"	"axon extension involved in axon guidance"
"GO:1902533"	"positive regulation of intracellular signal transduction"
"GO:0030335"	"positive regulation of cell migration"
"GO:0010739"	"positive regulation of protein kinase A signaling"
"GO:0071493"	"cellular response to UV-B"
"GO:2001214"	"positive regulation of vasculogenesis"
"GO:0015670"	"carbon dioxide transport"
"GO:0016050"	"vesicle organization"
"GO:0043114"	"regulation of vascular permeability"
"GO:1900272"	"negative regulation of long-term synaptic potentiation"
"GO:1904645"	"response to amyloid-beta"
"GO:0043627"	"response to estrogen"
"GO:0001944"	"vasculature development"
"GO:0015671"	"oxygen transport"
"GO:0022010"	"central nervous system myelination"
"GO:0060347"	"heart trabecula formation"
"GO:2000573"	"positive regulation of DNA biosynthetic process"
"GO:0009617"	"response to bacterium"
"GO:0015909"	"long-chain fatty acid transport"
"GO:0051895"	"negative regulation of focal adhesion assembly"
"GO:0010628"	"positive regulation of gene expression"
"GO:0030308"	"negative regulation of cell growth"
"GO:0048557"	"embryonic digestive tract morphogenesis"
"GO:0060216"	"definitive hemopoiesis"
"GO:0007166"	"cell surface receptor signaling pathway"
"GO:0045603"	"positive regulation of endothelial cell differentiation"
"GO:0009611"	"response to wounding"
"GO:0042310"	"vasoconstriction"
"GO:0043085"	"positive regulation of catalytic activity"
"GO:0006898"	"receptor-mediated endocytosis"
"GO:0070374"	"positive regulation of ERK1 and ERK2 cascade"
"GO:0016338"	"calcium-independent cell-cell adhesion via plasma membrane cell-adhesion molecules"
"GO:0030837"	"negative regulation of actin filament polymerization"
"GO:0048278"	"vesicle docking"
"GO:0048754"	"branching morphogenesis of an epithelial tube"
"GO:0071711"	"basement membrane organization"
"GO:0008285"	"negative regulation of cell population proliferation"
"GO:0001938"	"positive regulation of endothelial cell proliferation"
"GO:0008217"	"regulation of blood pressure"
"GO:0019934"	"cGMP-mediated signaling"
"GO:2000147"	"positive regulation of cell motility"
"GO:0006816"	"calcium ion transport"
"GO:0010596"	"negative regulation of endothelial cell migration"
"GO:0051893"	"regulation of focal adhesion assembly"
"GO:0055010"	"ventricular cardiac muscle tissue morphogenesis"
"GO:0030509"	"BMP signaling pathway"
"GO:0048565"	"digestive tract development"
"GO:0030324"	"lung development"
"GO:0007275"	"multicellular organism development"
"GO:0030198"	"extracellular matrix organization"
"GO:0010875"	"positive regulation of cholesterol efflux"
"GO:0019915"	"lipid storage"
"GO:0043001"	"Golgi to plasma membrane protein transport"
"GO:0050731"	"positive regulation of peptidyl-tyrosine phosphorylation"
"GO:0007159"	"leukocyte cell-cell adhesion"
"GO:1900745"	"positive regulation of p38MAPK cascade"
"GO:0071345"	"cellular response to cytokine stimulus"
"GO:0071773"	"cellular response to BMP stimulus"
"GO:0002027"	"regulation of heart rate"
"GO:0002040"	"sprouting angiogenesis"
"GO:0008016"	"regulation of heart contraction"
"GO:0050873"	"brown fat cell differentiation"
"GO:0030336"	"negative regulation of cell migration"
"GO:0045471"	"response to ethanol"
"GO:0001657"	"ureteric bud development"
"GO:0010811"	"positive regulation of cell-substrate adhesion"
"GO:0042632"	"cholesterol homeostasis"
"GO:0003180"	"aortic valve morphogenesis"
"GO:0042542"	"response to hydrogen peroxide"
"GO:0030334"	"regulation of cell migration"
"GO:0045429"	"positive regulation of nitric oxide biosynthetic process"
"GO:0001974"	"blood vessel remodeling"
"GO:0050919"	"negative chemotaxis"
"GO:0051480"	"regulation of cytosolic calcium ion concentration"
"GO:0043537"	"negative regulation of blood vessel endothelial cell migration"
"GO:0048286"	"lung alveolus development"
"GO:0007507"	"heart development"
"GO:0030501"	"positive regulation of bone mineralization"
"GO:0030513"	"positive regulation of BMP signaling pathway"
"GO:0006821"	"chloride transport"
"GO:0007043"	"cell-cell junction assembly"
"GO:0032735"	"positive regulation of interleukin-12 production"
"GO:0001934"	"positive regulation of protein phosphorylation"
"GO:0007188"	"adenylate cyclase-modulating G protein-coupled receptor signaling pathway"
"GO:0008277"	"regulation of G protein-coupled receptor signaling pathway"
"GO:0008333"	"endosome to lysosome transport"
"GO:0051384"	"response to glucocorticoid"
"GO:0097009"	"energy homeostasis"
"GO:0071456"	"cellular response to hypoxia"
"GO:0010467"	"gene expression"
"GO:0016525"	"negative regulation of angiogenesis"
"GO:0007189"	"adenylate cyclase-activating G protein-coupled receptor signaling pathway"
"GO:0003151"	"outflow tract morphogenesis"
"GO:0018108"	"peptidyl-tyrosine phosphorylation"
"GO:0032092"	"positive regulation of protein binding"
"GO:0033674"	"positive regulation of kinase activity"
"GO:1903078"	"positive regulation of protein localization to plasma membrane"
"GO:0016477"	"cell migration"
"GO:2000134"	"negative regulation of G1/S transition of mitotic cell cycle"
"GO:0019221"	"cytokine-mediated signaling pathway"
"GO:0050728"	"negative regulation of inflammatory response"
"GO:0032731"	"positive regulation of interleukin-1 beta production"
"GO:0051092"	"positive regulation of NF-kappaB transcription factor activity"
"GO:0030163"	"protein catabolic process"
"GO:0007399"	"nervous system development"
"GO:0046777"	"protein autophosphorylation"
"GO:0007416"	"synapse assembly"
"GO:0010595"	"positive regulation of endothelial cell migration"
"GO:0060021"	"roof of mouth development"
"GO:0006909"	"phagocytosis"
"GO:0007611"	"learning or memory"
"GO:0071560"	"cellular response to transforming growth factor beta stimulus"
"GO:0008286"	"insulin receptor signaling pathway"
"GO:0043410"	"positive regulation of MAPK cascade"
"GO:0072659"	"protein localization to plasma membrane"
"GO:0006813"	"potassium ion transport"
"GO:1901224"	"positive regulation of non-canonical NF-kappaB signal transduction"
"GO:0003197"	"endocardial cushion development"
"GO:0003214"	"cardiac left ventricle morphogenesis"
"GO:0006228"	"UTP biosynthetic process"
"GO:0006937"	"regulation of muscle contraction"
"GO:0010038"	"response to metal ion"
"GO:0010972"	"negative regulation of G2/M transition of mitotic cell cycle"
"GO:0014912"	"negative regulation of smooth muscle cell migration"
"GO:0030193"	"regulation of blood coagulation"
"GO:0031666"	"positive regulation of lipopolysaccharide-mediated signaling pathway"
"GO:0033762"	"response to glucagon"
"GO:0045124"	"regulation of bone resorption"
"GO:0048251"	"elastic fiber assembly"
"GO:0050665"	"hydrogen peroxide biosynthetic process"
"GO:0050909"	"sensory perception of taste"
"GO:0060075"	"regulation of resting membrane potential"
"GO:0060840"	"artery development"
"GO:0071223"	"cellular response to lipoteichoic acid"
"GO:0071394"	"cellular response to testosterone stimulus"
"GO:0072112"	"podocyte differentiation"
"GO:0072678"	"T cell migration"
"GO:0086100"	"endothelin receptor signaling pathway"
"GO:0097084"	"vascular associated smooth muscle cell development"
"GO:2000048"	"negative regulation of cell-cell adhesion mediated by cadherin"
"GO:0007156"	"homophilic cell adhesion via plasma membrane adhesion molecules"
"GO:0031398"	"positive regulation of protein ubiquitination"
"GO:0006183"	"GTP biosynthetic process"
"GO:0006241"	"CTP biosynthetic process"
"GO:0006686"	"sphingomyelin biosynthetic process"
"GO:0010669"	"epithelial structure maintenance"
"GO:0030299"	"intestinal cholesterol absorption"
"GO:0033539"	"fatty acid beta-oxidation using acyl-CoA dehydrogenase"
"GO:0035542"	"regulation of SNARE complex assembly"
"GO:0045056"	"transcytosis"
"GO:0051693"	"actin filament capping"
"GO:0071492"	"cellular response to UV-A"
"GO:0097250"	"mitochondrial respirasome assembly"
"GO:0098911"	"regulation of ventricular cardiac muscle cell action potential"
"GO:1901222"	"regulation of non-canonical NF-kappaB signal transduction"
"GO:1901380"	"negative regulation of potassium ion transmembrane transport"
"GO:1905665"	"positive regulation of calcium ion import across plasma membrane"
"GO:2000178"	"negative regulation of neural precursor cell proliferation"
"GO:0007411"	"axon guidance"
"GO:0006897"	"endocytosis"
"GO:0001946"	"lymphangiogenesis"
"GO:0001960"	"negative regulation of cytokine-mediated signaling pathway"
"GO:0003181"	"atrioventricular valve morphogenesis"
"GO:0003198"	"epithelial to mesenchymal transition involved in endocardial cushion formation"
"GO:0006739"	"NADP metabolic process"
"GO:0006885"	"regulation of pH"
"GO:0009650"	"UV protection"
"GO:0031115"	"negative regulation of microtubule polymerization"
"GO:0031629"	"synaptic vesicle fusion to presynaptic active zone membrane"
"GO:0034333"	"adherens junction assembly"
"GO:0035493"	"SNARE complex assembly"
"GO:0040015"	"negative regulation of multicellular organism growth"
"GO:0042446"	"hormone biosynthetic process"
"GO:0042532"	"negative regulation of tyrosine phosphorylation of STAT protein"
"GO:0044794"	"positive regulation by host of viral process"
"GO:0048484"	"enteric nervous system development"
"GO:0050435"	"amyloid-beta metabolic process"
"GO:0050927"	"positive regulation of positive chemotaxis"
"GO:0060100"	"positive regulation of phagocytosis, engulfment"
"GO:0060396"	"growth hormone receptor signaling pathway"
"GO:0071806"	"protein transmembrane transport"
"GO:2000009"	"negative regulation of protein localization to cell surface"
"GO:2001046"	"positive regulation of integrin-mediated signaling pathway"
"GO:0007596"	"blood coagulation"
"GO:0045444"	"fat cell differentiation"
"GO:0007005"	"mitochondrion organization"
"GO:0010629"	"negative regulation of gene expression"
"GO:0032956"	"regulation of actin cytoskeleton organization"
"GO:0002024"	"diet induced thermogenesis"
"GO:0006691"	"leukotriene metabolic process"
"GO:0010524"	"positive regulation of calcium ion transport into cytosol"
"GO:0030595"	"leukocyte chemotaxis"
"GO:0035313"	"wound healing, spreading of epidermal cells"
"GO:0035331"	"negative regulation of hippo signaling"
"GO:0035810"	"positive regulation of urine volume"
"GO:0043534"	"blood vessel endothelial cell migration"
"GO:0050892"	"intestinal absorption"
"GO:0070294"	"renal sodium ion absorption"
"GO:0071285"	"cellular response to lithium ion"
"GO:0090181"	"regulation of cholesterol metabolic process"
"GO:0097242"	"amyloid-beta clearance"
"GO:2000279"	"negative regulation of DNA biosynthetic process"
"GO:0001921"	"positive regulation of receptor recycling"
"GO:0003407"	"neural retina development"
"GO:0006518"	"peptide metabolic process"
"GO:0007194"	"negative regulation of adenylate cyclase activity"
"GO:0034116"	"positive regulation of heterotypic cell-cell adhesion"
"GO:0034383"	"low-density lipoprotein particle clearance"
"GO:0042325"	"regulation of phosphorylation"
"GO:0050884"	"neuromuscular process controlling posture"
"GO:0050930"	"induction of positive chemotaxis"
"GO:0055062"	"phosphate ion homeostasis"
"GO:0060317"	"cardiac epithelial to mesenchymal transition"
"GO:0060425"	"lung morphogenesis"
"GO:0062009"	"secondary palate development"
"GO:0070593"	"dendrite self-avoidance"
"GO:0085029"	"extracellular matrix assembly"
"GO:0097435"	"supramolecular fiber organization"
"GO:0140052"	"cellular response to oxidised low-density lipoprotein particle stimulus"
"GO:1900271"	"regulation of long-term synaptic potentiation"
"GO:0033138"	"positive regulation of peptidyl-serine phosphorylation"
"GO:0006508"	"proteolysis"
"GO:0003376"	"sphingosine-1-phosphate receptor signaling pathway"
"GO:0006940"	"regulation of smooth muscle contraction"
"GO:0006957"	"complement activation, alternative pathway"
"GO:0030278"	"regulation of ossification"
"GO:0042308"	"negative regulation of protein import into nucleus"
"GO:0045737"	"positive regulation of cyclin-dependent protein serine/threonine kinase activity"
"GO:0048246"	"macrophage chemotaxis"
"GO:0048265"	"response to pain"
"GO:0050848"	"regulation of calcium-mediated signaling"
"GO:0060766"	"negative regulation of androgen receptor signaling pathway"
"GO:0071639"	"positive regulation of monocyte chemotactic protein-1 production"
"GO:0097049"	"motor neuron apoptotic process"
"GO:0098742"	"cell-cell adhesion via plasma-membrane adhesion molecules"
"GO:1903428"	"positive regulation of reactive oxygen species biosynthetic process"
"GO:2000434"	"regulation of protein neddylation"
"GO:0006590"	"thyroid hormone generation"
"GO:0030214"	"hyaluronan catabolic process"
"GO:0035435"	"phosphate ion transmembrane transport"
"GO:0042445"	"hormone metabolic process"
"GO:0045019"	"negative regulation of nitric oxide biosynthetic process"
"GO:0045198"	"establishment of epithelial cell apical/basal polarity"
"GO:0045779"	"negative regulation of bone resorption"
"GO:0048143"	"astrocyte activation"
"GO:0051930"	"regulation of sensory perception of pain"
"GO:0071375"	"cellular response to peptide hormone stimulus"
"GO:0071880"	"adenylate cyclase-activating adrenergic receptor signaling pathway"
"GO:0090399"	"replicative senescence"
"GO:0001701"	"in utero embryonic development"
"GO:0000712"	"resolution of meiotic recombination intermediates"
"GO:0002028"	"regulation of sodium ion transport"
"GO:0003184"	"pulmonary valve morphogenesis"
"GO:0006796"	"phosphate-containing compound metabolic process"
"GO:0030194"	"positive regulation of blood coagulation"
"GO:0030322"	"stabilization of membrane potential"
"GO:0030857"	"negative regulation of epithelial cell differentiation"
"GO:0043129"	"surfactant homeostasis"
"GO:0045446"	"endothelial cell differentiation"
"GO:0046426"	"negative regulation of receptor signaling pathway via JAK-STAT"
"GO:0048545"	"response to steroid hormone"
"GO:0048738"	"cardiac muscle tissue development"
"GO:0050872"	"white fat cell differentiation"
"GO:0060384"	"innervation"
"GO:0060441"	"epithelial tube branching involved in lung morphogenesis"
"GO:0070542"	"response to fatty acid"
"GO:0071360"	"cellular response to exogenous dsRNA"
"GO:0030036"	"actin cytoskeleton organization"
"GO:0007009"	"plasma membrane organization"
"GO:0019076"	"viral release from host cell"
"GO:0032502"	"developmental process"
"GO:0033280"	"response to vitamin D"
"GO:0042953"	"lipoprotein transport"
"GO:0045104"	"intermediate filament cytoskeleton organization"
"GO:0045780"	"positive regulation of bone resorption"
"GO:0050678"	"regulation of epithelial cell proliferation"
"GO:0051145"	"smooth muscle cell differentiation"
"GO:2000114"	"regulation of establishment of cell polarity"
"GO:2000811"	"negative regulation of anoikis"
"GO:0007517"	"muscle organ development"
"GO:0003203"	"endocardial cushion morphogenesis"
"GO:0010744"	"positive regulation of macrophage derived foam cell differentiation"
"GO:0032332"	"positive regulation of chondrocyte differentiation"
"GO:0043277"	"apoptotic cell clearance"
"GO:0043388"	"positive regulation of DNA binding"
"GO:0046677"	"response to antibiotic"
"GO:0061744"	"motor behavior"
"GO:2000649"	"regulation of sodium ion transmembrane transporter activity"
"GO:0032755"	"positive regulation of interleukin-6 production"
"GO:0001892"	"embryonic placenta development"
"GO:0006376"	"mRNA splice site recognition"
"GO:0007263"	"nitric oxide mediated signal transduction"
"GO:0008045"	"motor neuron axon guidance"
"GO:0030500"	"regulation of bone mineralization"
"GO:0031290"	"retinal ganglion cell axon guidance"
"GO:0032924"	"activin receptor signaling pathway"
"GO:0042116"	"macrophage activation"
"GO:0045862"	"positive regulation of proteolysis"
"GO:0050901"	"leukocyte tethering or rolling"
"GO:0060047"	"heart contraction"
"GO:0061351"	"neural precursor cell proliferation"
"GO:1900227"	"positive regulation of NLRP3 inflammasome complex assembly"
"GO:0015031"	"protein transport"
"GO:0007169"	"transmembrane receptor protein tyrosine kinase signaling pathway"
"GO:0006874"	"intracellular calcium ion homeostasis"
"GO:0032760"	"positive regulation of tumor necrosis factor production"
"GO:0001659"	"temperature homeostasis"
"GO:0002042"	"cell migration involved in sprouting angiogenesis"
"GO:0006939"	"smooth muscle contraction"
"GO:0019226"	"transmission of nerve impulse"
"GO:0031589"	"cell-substrate adhesion"
"GO:0035024"	"negative regulation of Rho protein signal transduction"
"GO:0043552"	"positive regulation of phosphatidylinositol 3-kinase activity"
"GO:0045717"	"negative regulation of fatty acid biosynthetic process"
"GO:0051899"	"membrane depolarization"
"GO:1903076"	"regulation of protein localization to plasma membrane"
"GO:0009887"	"animal organ morphogenesis"
"GO:0030512"	"negative regulation of transforming growth factor beta receptor signaling pathway"
"GO:0007088"	"regulation of mitotic nuclear division"
"GO:0007274"	"neuromuscular synaptic transmission"
"GO:0019222"	"regulation of metabolic process"
"GO:0030318"	"melanocyte differentiation"
"GO:0030879"	"mammary gland development"
"GO:0043200"	"response to amino acid"
"GO:0046597"	"negative regulation of viral entry into host cell"
"GO:0060546"	"negative regulation of necroptotic process"
"GO:1900181"	"negative regulation of protein localization to nucleus"
"GO:1900273"	"positive regulation of long-term synaptic potentiation"
"GO:1902476"	"chloride transmembrane transport"
"GO:0002053"	"positive regulation of mesenchymal cell proliferation"
"GO:0006259"	"DNA metabolic process"
"GO:0006809"	"nitric oxide biosynthetic process"
"GO:0006911"	"phagocytosis, engulfment"
"GO:0017015"	"regulation of transforming growth factor beta receptor signaling pathway"
"GO:0031016"	"pancreas development"
"GO:0032094"	"response to food"
"GO:0040014"	"regulation of multicellular organism growth"
"GO:0043254"	"regulation of protein-containing complex assembly"
"GO:0071404"	"cellular response to low-density lipoprotein particle stimulus"
"GO:0000165"	"MAPK cascade"
"GO:0001822"	"kidney development"
"GO:0031175"	"neuron projection development"
"GO:0032693"	"negative regulation of interleukin-10 production"
"GO:0035023"	"regulation of Rho protein signal transduction"
"GO:0042554"	"superoxide anion generation"
"GO:0045216"	"cell-cell junction organization"
"GO:0046716"	"muscle cell cellular homeostasis"
"GO:0050807"	"regulation of synapse organization"
"GO:0060038"	"cardiac muscle cell proliferation"
"GO:0060907"	"positive regulation of macrophage cytokine production"
"GO:0061484"	"hematopoietic stem cell homeostasis"
"GO:0071294"	"cellular response to zinc ion"
"GO:0071385"	"cellular response to glucocorticoid stimulus"
"GO:2000353"	"positive regulation of endothelial cell apoptotic process"
"GO:0007190"	"activation of adenylate cyclase activity"
"GO:0010608"	"post-transcriptional regulation of gene expression"
"GO:0031214"	"biomineral tissue development"
"GO:0042573"	"retinoic acid metabolic process"
"GO:0042908"	"xenobiotic transport"
"GO:0046697"	"decidualization"
"GO:0060586"	"multicellular organismal-level iron ion homeostasis"
"GO:0070588"	"calcium ion transmembrane transport"
"GO:0001954"	"positive regulation of cell-matrix adhesion"
"GO:0003009"	"skeletal muscle contraction"
"GO:0006906"	"vesicle fusion"
"GO:0032967"	"positive regulation of collagen biosynthetic process"
"GO:0045453"	"bone resorption"
"GO:0051894"	"positive regulation of focal adhesion assembly"
"GO:0072657"	"protein localization to membrane"
"GO:0090303"	"positive regulation of wound healing"
"GO:1990000"	"amyloid fibril formation"
"GO:0006886"	"intracellular protein transport"
"GO:0015908"	"fatty acid transport"
"GO:0033137"	"negative regulation of peptidyl-serine phosphorylation"
"GO:0035307"	"positive regulation of protein dephosphorylation"
"GO:0042104"	"positive regulation of activated T cell proliferation"
"GO:0048714"	"positive regulation of oligodendrocyte differentiation"
"GO:0097746"	"blood vessel diameter maintenance"
"GO:0001649"	"osteoblast differentiation"
"GO:0001523"	"retinoid metabolic process"
"GO:0001774"	"microglial cell activation"
"GO:0007422"	"peripheral nervous system development"
"GO:0007520"	"myoblast fusion"
"GO:0033344"	"cholesterol efflux"
"GO:0044331"	"cell-cell adhesion mediated by cadherin"
"GO:0090102"	"cochlea development"
"GO:0007585"	"respiratory gaseous exchange by respiratory system"
"GO:0045070"	"positive regulation of viral genome replication"
"GO:2001238"	"positive regulation of extrinsic apoptotic signaling pathway"
"GO:0009409"	"response to cold"
"GO:0045773"	"positive regulation of axon extension"
"GO:0045840"	"positive regulation of mitotic nuclear division"
"GO:0045907"	"positive regulation of vasoconstriction"
"GO:0048741"	"skeletal muscle fiber development"
"GO:0055074"	"calcium ion homeostasis"
"GO:0060045"	"positive regulation of cardiac muscle cell proliferation"
"GO:0040018"	"positive regulation of multicellular organism growth"
"GO:0043507"	"positive regulation of JUN kinase activity"
"GO:0048009"	"insulin-like growth factor receptor signaling pathway"
"GO:0050772"	"positive regulation of axonogenesis"
"GO:0051491"	"positive regulation of filopodium assembly"
"GO:0060325"	"face morphogenesis"
"GO:0001958"	"endochondral ossification"
"GO:0008015"	"blood circulation"
"GO:0034332"	"adherens junction organization"
"GO:0050769"	"positive regulation of neurogenesis"
"GO:0061025"	"membrane fusion"
"GO:0007417"	"central nervous system development"
"GO:0006730"	"one-carbon metabolic process"
"GO:0030511"	"positive regulation of transforming growth factor beta receptor signaling pathway"
"GO:0032570"	"response to progesterone"
"GO:0035924"	"cellular response to vascular endothelial growth factor stimulus"
"GO:0051497"	"negative regulation of stress fiber assembly"
"GO:0071407"	"cellular response to organic cyclic compound"
"GO:0071902"	"positive regulation of protein serine/threonine kinase activity"
"GO:0006641"	"triglyceride metabolic process"
"GO:0031669"	"cellular response to nutrient levels"
"GO:0032743"	"positive regulation of interleukin-2 production"
"GO:0043542"	"endothelial cell migration"
"GO:0051017"	"actin filament bundle assembly"
"GO:0070507"	"regulation of microtubule cytoskeleton organization"
"GO:2001244"	"positive regulation of intrinsic apoptotic signaling pathway"
"GO:0015701"	"bicarbonate transport"
"GO:0030032"	"lamellipodium assembly"
"GO:0031100"	"animal organ regeneration"
"GO:0048147"	"negative regulation of fibroblast proliferation"
"GO:0061564"	"axon development"
"GO:0001890"	"placenta development"
"GO:0019216"	"regulation of lipid metabolic process"
"GO:0045595"	"regulation of cell differentiation"
"GO:0007204"	"positive regulation of cytosolic calcium ion concentration"
"GO:0001818"	"negative regulation of cytokine production"
"GO:0030041"	"actin filament polymerization"
"GO:0042311"	"vasodilation"
"GO:0048144"	"fibroblast proliferation"
"GO:0048536"	"spleen development"
"GO:0070555"	"response to interleukin-1"
"GO:0007029"	"endoplasmic reticulum organization"
"GO:0009966"	"regulation of signal transduction"
"GO:0071392"	"cellular response to estradiol stimulus"
"GO:0086091"	"regulation of heart rate by cardiac conduction"
"GO:0001942"	"hair follicle development"
"GO:0006749"	"glutathione metabolic process"
"GO:0009953"	"dorsal/ventral pattern formation"
"GO:0030177"	"positive regulation of Wnt signaling pathway"
"GO:0034504"	"protein localization to nucleus"
"GO:0046427"	"positive regulation of receptor signaling pathway via JAK-STAT"
"GO:0019233"	"sensory perception of pain"
"GO:0016055"	"Wnt signaling pathway"
"GO:0001756"	"somitogenesis"
"GO:0007259"	"receptor signaling pathway via JAK-STAT"
"GO:0009755"	"hormone-mediated signaling pathway"
"GO:0060048"	"cardiac muscle contraction"
"GO:1900026"	"positive regulation of substrate adhesion-dependent cell spreading"
"GO:0001658"	"branching involved in ureteric bud morphogenesis"
"GO:0007566"	"embryo implantation"
"GO:0031295"	"T cell costimulation"
"GO:0032722"	"positive regulation of chemokine production"
"GO:0003007"	"heart morphogenesis"
"GO:0043409"	"negative regulation of MAPK cascade"
"GO:0048863"	"stem cell differentiation"
"GO:0090051"	"negative regulation of cell migration involved in sprouting angiogenesis"
"GO:0016339"	"calcium-dependent cell-cell adhesion via plasma membrane cell adhesion molecules"
"GO:0021549"	"cerebellum development"
"GO:0043434"	"response to peptide hormone"
"GO:0001568"	"blood vessel development"
"GO:0001755"	"neural crest cell migration"
"GO:0006275"	"regulation of DNA replication"
"GO:0042789"	"mRNA transcription by RNA polymerase II"
"GO:0070527"	"platelet aggregation"
"GO:0001932"	"regulation of protein phosphorylation"
"GO:0034446"	"substrate adhesion-dependent cell spreading"
"GO:0051897"	"positive regulation of phosphatidylinositol 3-kinase/protein kinase B signal transduction"
"GO:1900087"	"positive regulation of G1/S transition of mitotic cell cycle"
"GO:0006629"	"lipid metabolic process"
"GO:0007162"	"negative regulation of cell adhesion"
"GO:0007519"	"skeletal muscle tissue development"
"GO:0010951"	"negative regulation of endopeptidase activity"
"GO:0051592"	"response to calcium ion"
"GO:0043066"	"negative regulation of apoptotic process"
"GO:0031334"	"positive regulation of protein-containing complex assembly"
"GO:0048661"	"positive regulation of smooth muscle cell proliferation"
"GO:0051496"	"positive regulation of stress fiber assembly"
"GO:0008284"	"positive regulation of cell population proliferation"
"GO:0042552"	"myelination"
"GO:0042572"	"retinol metabolic process"
"GO:0050890"	"cognition"
"GO:0001837"	"epithelial to mesenchymal transition"
"GO:0007193"	"adenylate cyclase-inhibiting G protein-coupled receptor signaling pathway"
"GO:0010718"	"positive regulation of epithelial to mesenchymal transition"
"GO:0030218"	"erythrocyte differentiation"
"GO:0000381"	"regulation of alternative mRNA splicing, via spliceosome"
"GO:0008543"	"fibroblast growth factor receptor signaling pathway"
"GO:0030155"	"regulation of cell adhesion"
"GO:0071222"	"cellular response to lipopolysaccharide"
"GO:0035019"	"somatic stem cell population maintenance"
"GO:0045597"	"positive regulation of cell differentiation"
"GO:0045600"	"positive regulation of fat cell differentiation"
"GO:0050680"	"negative regulation of epithelial cell proliferation"
"GO:0048167"	"regulation of synaptic plasticity"
"GO:0007052"	"mitotic spindle organization"
"GO:0014070"	"response to organic cyclic compound"
"GO:0031397"	"negative regulation of protein ubiquitination"
"GO:0048812"	"neuron projection morphogenesis"
"GO:0071363"	"cellular response to growth factor stimulus"
"GO:0010507"	"negative regulation of autophagy"
"GO:0007612"	"learning"
"GO:0032091"	"negative regulation of protein binding"
"GO:0043406"	"positive regulation of MAP kinase activity"
"GO:0030168"	"platelet activation"
"GO:0043087"	"regulation of GTPase activity"
"GO:0000281"	"mitotic cytokinesis"
"GO:0007249"	"canonical NF-kappaB signal transduction"
"GO:0002931"	"response to ischemia"
"GO:0007368"	"determination of left/right symmetry"
"GO:0050896"	"response to stimulus"
"GO:0042752"	"regulation of circadian rhythm"
"GO:0007601"	"visual perception"
"GO:0050679"	"positive regulation of epithelial cell proliferation"
"GO:0097190"	"apoptotic signaling pathway"
"GO:0001819"	"positive regulation of cytokine production"
"GO:0006814"	"sodium ion transport"
"GO:0006869"	"lipid transport"
"GO:0016042"	"lipid catabolic process"
"GO:0016311"	"dephosphorylation"
"GO:0042531"	"positive regulation of tyrosine phosphorylation of STAT protein"
"GO:0048511"	"rhythmic process"
"GO:0002244"	"hematopoietic progenitor cell differentiation"
"GO:0006952"	"defense response"
"GO:0042060"	"wound healing"
"GO:0043491"	"phosphatidylinositol 3-kinase/protein kinase B signal transduction"
"GO:0001558"	"regulation of cell growth"
"GO:0045669"	"positive regulation of osteoblast differentiation"
"GO:0006936"	"muscle contraction"
"GO:0021987"	"cerebral cortex development"
"GO:0051726"	"regulation of cell cycle"
"GO:0051607"	"defense response to virus"
"GO:0001503"	"ossification"
"GO:0001889"	"liver development"
"GO:0007565"	"female pregnancy"
"GO:0006954"	"inflammatory response"
"GO:0001933"	"negative regulation of protein phosphorylation"
"GO:0008544"	"epidermis development"
"GO:0016485"	"protein processing"
"GO:0006631"	"fatty acid metabolic process"
"GO:0007224"	"smoothened signaling pathway"
"GO:0031647"	"regulation of protein stability"
"GO:0150104"	"transport across blood-brain barrier"
"GO:0045666"	"positive regulation of neuron differentiation"
"GO:0019722"	"calcium-mediated signaling"
"GO:0007059"	"chromosome segregation"
"GO:0035264"	"multicellular organism growth"
"GO:0046330"	"positive regulation of JNK cascade"
"GO:0007200"	"phospholipase C-activating G protein-coupled receptor signaling pathway"
"GO:0006887"	"exocytosis"
"GO:0007229"	"integrin-mediated signaling pathway"
"GO:0007286"	"spermatid development"
"GO:0030855"	"epithelial cell differentiation"
"GO:0032869"	"cellular response to insulin stimulus"
"GO:0050727"	"regulation of inflammatory response"
"GO:0000902"	"cell morphogenesis"
"GO:0060070"	"canonical Wnt signaling pathway"
"GO:0051649"	"establishment of localization in cell"
"GO:0051091"	"positive regulation of DNA-binding transcription factor activity"
"GO:0007160"	"cell-matrix adhesion"
"GO:0050729"	"positive regulation of inflammatory response"
"GO:1990830"	"cellular response to leukemia inhibitory factor"
"GO:0001764"	"neuron migration"
"GO:0090263"	"positive regulation of canonical Wnt signaling pathway"
"GO:0006805"	"xenobiotic metabolic process"
"GO:0007049"	"cell cycle"
"GO:0006979"	"response to oxidative stress"
"GO:0007219"	"Notch signaling pathway"
"GO:0006470"	"protein dephosphorylation"
"GO:0034220"	"monoatomic ion transmembrane transport"
"GO:0042593"	"glucose homeostasis"
"GO:0006935"	"chemotaxis"
"GO:0051056"	"regulation of small GTPase mediated signal transduction"
"GO:0050830"	"defense response to Gram-positive bacterium"
"GO:0043065"	"positive regulation of apoptotic process"
"GO:0034765"	"regulation of monoatomic ion transmembrane transport"
"GO:0008104"	"protein localization"
"GO:0001501"	"skeletal system development"
"GO:0008283"	"cell population proliferation"
"GO:0000226"	"microtubule cytoskeleton organization"
"GO:0000209"	"protein polyubiquitination"
"GO:0009653"	"anatomical structure morphogenesis"
"GO:0071356"	"cellular response to tumor necrosis factor"
"GO:0071805"	"potassium ion transmembrane transport"
"GO:0090090"	"negative regulation of canonical Wnt signaling pathway"
"GO:0043547"	"positive regulation of GTPase activity"
"GO:0007605"	"sensory perception of sound"
"GO:0030182"	"neuron differentiation"
"GO:0006468"	"protein phosphorylation"
"GO:0035556"	"intracellular signal transduction"
"GO:0007420"	"brain development"
"GO:0006397"	"mRNA processing"
"GO:0042981"	"regulation of apoptotic process"
"GO:0043123"	"positive regulation of canonical NF-kappaB signal transduction"
"GO:0055085"	"transmembrane transport"
"GO:0007268"	"chemical synaptic transmission"
"GO:0006366"	"transcription by RNA polymerase II"
"GO:0007267"	"cell-cell signaling"
"GO:0009410"	"response to xenobiotic stimulus"
"GO:0045087"	"innate immune response"
"GO:0006974"	"DNA damage response"
"GO:0016310"	"phosphorylation"
"GO:0051301"	"cell division"
"GO:0006955"	"immune response"
"GO:0007283"	"spermatogenesis"
